L;L;L;L;L;N;N;N;N;N;N;N;N;N;N;L;L;L;L
L;L;L;L;N;M;M;M;M;M;M;M;M;M;M;N;L;L;L
L;L;L;N;M;M;M;M;M;M;M;M;M;M;M;M;N;L;L
L;L;N;M;M;M;M;M;M;M;M;M;M;M;M;M;M;N;L
L;N;M;M;M;M;M;M;M;M;M;M;M;M;M;M;M;N;L
L;N;M;M;M;M;N;M;M;M;M;M;M;M;M;M;M;M;N
N;M;M;M;M;N;B;N;M;M;M;N;M;M;M;M;M;M;N
N;M;M;M;M;N;B;J;N;M;N;B;N;M;M;M;M;M;N
N;M;M;M;M;N;J;J;N;M;N;B;N;M;N;M;M;M;N
L;N;M;M;N;B;J;B;B;N;B;B;B;N;B;N;M;M;N
L;N;M;M;N;B;N;N;B;B;B;B;N;N;B;B;N;M;N
L;N;M;N;N;N;N;L;N;N;N;N;N;L;N;N;N;N;L
L;L;N;B;B;N;N;N;N;B;B;N;N;N;N;B;B;N;L
L;L;N;B;B;B;N;N;B;B;B;B;N;N;B;B;B;N;L
L;L;L;N;N;B;B;B;B;B;B;B;B;B;B;N;N;L;L
L;L;L;L;L;N;N;N;N;N;N;N;N;N;N;N;L;L;L
L;L;L;L;L;N;R;J;R;J;R;J;R;J;R;N;L;L;L
L;L;L;L;L;N;N;N;N;N;N;N;N;N;N;N;L;L;L
L;L;L;L;L;N;N;N;R;R;G;G;J;N;N;N;L;L;L
L;L;L;L;L;N;N;N;J;J;G;G;N;N;N;N;L;L;L
L;L;L;L;L;N;B;N;N;N;N;N;N;N;B;N;L;L;L
L;L;L;L;L;N;N;N;G;G;N;G;G;N;N;N;L;L;L
L;L;L;L;L;L;L;N;N;N;N;N;N;N;L;L;L;L;L
L;L;L;L;L;L;L;N;N;N;N;N;N;N;L;L;L;L;L
