B;B;B;B;B;B;E;E;E;E;B;B;B;B;B;B;B
B;B;B;B;E;E;I;J;I;J;E;E;E;B;B;B;B
E;E;E;E;A;J;I;J;I;J;I;A;A;E;E;E;E
E;J;I;I;J;J;I;J;I;J;J;A;J;I;I;J;E
B;E;J;I;I;I;I;I;I;I;I;I;I;I;J;E;B
B;B;E;I;E;I;I;I;I;I;E;I;I;E;E;B;B
B;B;B;E;I;I;I;I;I;I;I;I;E;B;B;B;B
B;B;B;B;E;I;I;J;J;I;I;E;B;B;B;B;B
B;B;B;B;B;E;E;E;E;E;E;F;E;B;B;B;B
B;B;B;E;E;F;F;C;F;C;F;F;F;E;B;B;B
B;B;E;J;F;E;F;C;C;C;F;F;E;F;E;B;B
B;B;E;C;E;E;F;E;E;E;F;F;E;J;E;B;B
B;B;B;C;B;E;F;C;C;C;F;F;E;E;B;B;B
B;B;B;C;B;E;J;J;E;E;J;J;E;B;B;B;B
B;B;B;C;B;E;E;E;E;E;E;E;E;B;B;B;B
