A,A,A,A,A,A,F,F,F,A,A,A,A,F,A,A,A,A,A,A,F,F,F,F,A,A,F,F,F,A,A
A,A,A,A,A,B,B,B,B,A,A,A,A,A,A,A,A,F,A,A,A,A,B,B,B,A,A,A,F,F,A
A,A,A,A,B,B,C,C,C,B,A,A,B,B,B,B,B,B,B,A,A,B,A,C,C,B,A,A,A,F,A
A,A,A,A,B,A,A,B,C,C,B,B,C,C,C,C,C,C,C,B,B,C,C,B,A,B,A,A,A,A,A
A,A,A,A,B,A,A,B,B,C,C,B,B,B,B,B,B,B,B,B,C,C,B,B,A,B,A,A,A,A,A
A,F,F,A,A,H,A,A,B,C,B,C,C,C,C,C,C,C,C,B,C,C,B,A,H,A,A,A,A,A,A
F,F,F,F,A,B,B,C,C,B,B,C,B,B,C,B,C,B,B,C,B,B,C,B,B,A,F,F,F,A,A
F,F,F,A,A,A,B,B,B,B,A,B,A,C,B,B,B,C,A,B,A,C,B,B,A,A,A,F,F,F,A
F,A,A,A,A,C,B,C,C,C,B,B,A,A,B,C,B,A,A,B,B,C,C,B,C,A,A,A,A,F,F
F,F,A,A,A,C,B,A,C,C,A,A,A,B,C,G,C,B,A,A,C,C,B,B,C,A,A,A,A,F,F
A,F,F,A,G,B,G,G,B,B,B,B,A,G,C,G,C,G,A,B,B,B,G,G,B,G,A,F,F,F,A
A,A,F,A,G,B,G,B,G,B,D,B,B,G,C,G,C,G,B,D,B,G,B,G,B,G,A,F,F,A,A
F,A,A,A,B,A,G,G,G,G,B,B,B,C,C,G,C,C,B,B,B,G,G,G,G,B,A,F,A,A,A
F,A,A,A,B,A,A,B,G,B,A,A,B,C,C,G,C,C,B,A,A,B,A,B,H,B,A,A,A,F,F
F,A,F,B,B,B,A,B,B,C,C,C,C,C,G,G,G,C,C,A,A,A,B,B,H,B,B,B,F,F,F
F,F,F,A,B,B,H,H,B,A,B,C,C,G,A,A,A,G,C,C,B,A,B,H,B,B,B,A,F,F,F
F,F,A,B,B,B,B,H,B,B,C,C,A,B,C,C,C,B,A,C,C,B,B,B,B,B,B,B,A,F,F
F,F,F,A,A,B,B,H,H,A,C,A,A,B,B,E,B,B,A,A,C,H,H,B,B,B,A,H,A,F,F
F,F,F,A,A,H,H,B,B,A,A,B,A,A,B,B,H,A,A,B,A,H,B,B,B,A,B,A,F,B,F
F,F,F,A,A,A,A,B,B,H,A,A,A,A,H,B,A,A,A,A,H,B,B,B,A,A,H,F,F,F,B
A,F,A,B,A,H,H,H,B,H,H,H,A,A,H,B,A,A,H,H,H,B,B,A,H,H,A,F,B,B,B
B,F,A,B,B,A,B,A,H,B,H,H,H,H,B,B,H,H,H,H,B,B,H,H,H,B,B,F,F,F,F
A,A,A,A,B,G,B,B,H,H,H,B,B,B,H,H,H,B,B,B,H,H,H,B,B,B,B,B,F,F,B
A,A,A,A,B,G,G,H,B,H,H,B,A,H,A,A,H,H,H,B,B,H,B,H,C,B,B,B,B,B,B
B,B,B,B,G,B,B,H,H,B,B,B,B,A,A,A,A,A,B,B,B,B,H,H,B,C,B,B,B,B,F
F,B,B,B,B,B,B,A,H,H,B,H,B,B,B,B,B,B,B,H,H,B,H,H,B,B,B,B,B,B,F
F,B,B,B,G,B,B,A,A,H,H,H,B,B,B,B,B,B,B,H,H,H,H,B,B,G,B,C,B,B,F
F,B,B,C,G,G,G,B,A,A,A,H,H,B,B,B,B,B,H,H,H,H,A,B,C,G,C,C,B,B,F
F,B,B,B,C,C,C,B,B,B,A,A,A,H,H,H,H,H,H,H,B,B,B,B,G,C,B,B,B,F,F
F,F,B,C,A,G,C,B,B,B,A,B,B,A,A,H,H,H,B,H,B,H,C,C,G,A,C,B,F,F,F
F,F,B,G,G,A,G,G,C,H,B,B,B,H,A,A,A,B,B,B,C,C,G,G,A,G,G,B,B,F,B
F,F,B,A,G,A,A,A,G,G,H,A,A,B,B,B,B,B,B,G,G,G,A,A,A,G,B,B,F,A,F
